Pos,Pos_unc,Width,Width_unc
460.995665,8.004568E-06,17.83717,0.00003074844
580.217700,8.396160E-06,18.238378,0.00003244470