Pos,Pos_unc,Width,Width_unc
531.100172,7.535411E-07,68.665174,0.000002629904